{
  "block_length": 24,
  "n_bootstrap": 10000,
  "Box": {
    "test_coverage": 0.9860159817351598,
    "wilson_ci": [
      0.9815615187138893,
      0.989405927478664
    ],
    "block_ci": [
      0.9748858447488584,
      0.9942922374429224
    ]
  },
  "SampleCov": {
    "test_coverage": 0.9797374429223744,
    "wilson_ci": [
      0.9745198477944751,
      0.9839042726105057
    ],
    "block_ci": [
      0.9668949771689498,
      0.9900114155251142
    ]
  },
  "StaticL": {
    "test_coverage": 0.9694634703196348,
    "wilson_ci": [
      0.9632322507812614,
      0.9746664274258734
    ],
    "block_ci": [
      0.9483447488584474,
      0.9874429223744292
    ]
  },
  "NN_L": {
    "test_coverage": 0.9811643835616438,
    "wilson_ci": [
      0.9761078805426533,
      0.9851669957231395
    ],
    "block_ci": [
      0.9643264840182648,
      0.9937214611872146
    ]
  }
}