{
  "n_bootstrap": 10000,
  "block_lengths": [
    24,
    48,
    168
  ],
  "Box": {
    "test_coverage": 0.9860159817351598,
    "wilson_ci": [
      0.9815615187138893,
      0.989405927478664
    ],
    "block_ci_24h": [
      0.9748858447488584,
      0.9942922374429224
    ],
    "block_ci_48h": [
      0.9731735159817352,
      0.9948630136986302
    ],
    "block_ci_168h": [
      0.9723173515981736,
      0.9945776255707762
    ]
  },
  "SampleCov": {
    "test_coverage": 0.9797374429223744,
    "wilson_ci": [
      0.9745198477944751,
      0.9839042726105057
    ],
    "block_ci_24h": [
      0.9668949771689498,
      0.9900114155251142
    ],
    "block_ci_48h": [
      0.9657534246575342,
      0.990582191780822
    ],
    "block_ci_168h": [
      0.9643264840182648,
      0.9908675799086758
    ]
  },
  "StaticL": {
    "test_coverage": 0.9668949771689498,
    "wilson_ci": [
      0.9604409259066811,
      0.9723263917509921
    ],
    "block_ci_24h": [
      0.9460545091324201,
      0.9851598173515982
    ],
    "block_ci_48h": [
      0.9389269406392694,
      0.9874429223744292
    ],
    "block_ci_168h": [
      0.9323630136986302,
      0.9894406392694064
    ]
  },
  "NN_L": {
    "test_coverage": 0.9828767123287672,
    "wilson_ci": [
      0.9780222641676085,
      0.9866735191311585
    ],
    "block_ci_24h": [
      0.966324200913242,
      0.995148401826484
    ],
    "block_ci_48h": [
      0.9620433789954338,
      0.9960045662100456
    ],
    "block_ci_168h": [
      0.959189497716895,
      0.9971461187214612
    ]
  }
}