{
  "T_z_max": [
    933.7041580671435,
    206.44682613922225,
    328.334876440451,
    389.42298942771714,
    523.3675938411296,
    1151.3395876669388,
    1050.2412483473347,
    597.6196538629574,
    535.3773110084239,
    415.2026642216585
  ],
  "tight_zones": [
    5,
    10,
    8
  ],
  "Box": {
    "cost": 100473.31919708669,
    "energy_cost": 91244.14754974094,
    "reserve_cost": 9229.17164734579,
    "coverage": 0.9503424657534246,
    "test_coverage": 0.9860159817351598,
    "test_ci": [
      0.9815615187138893,
      0.989405927478664
    ],
    "reserve_total": 1563.4356773694394,
    "rho": 5.4042753279832585,
    "frob_error": 1.4400251532809882,
    "feasible": true,
    "R_z_min": [
      51.80536432957189,
      48.398984209271276,
      59.65142286577572,
      65.45086675550392,
      140.17744538131979,
      38.85067774613357,
      375.31111069398156,
      295.67988372934553,
      228.67615507838272,
      259.4337665801535
    ],
    "lambda_z": [
      0.0,
      0.0,
      0.0,
      0.0,
      7.039999999999999,
      0.0,
      0.0,
      0.9399999999999977,
      0.0,
      1.2499999999999973
    ]
  },
  "SampleCov": {
    "cost": 100496.19200536926,
    "energy_cost": 91181.97824499861,
    "reserve_cost": 9314.213760370643,
    "coverage": 0.9503424657534246,
    "test_coverage": 0.9797374429223744,
    "test_ci": [
      0.9745198477944751,
      0.9839042726105057
    ],
    "reserve_total": 1571.6824740285335,
    "rho": 5.3162538536790676,
    "frob_error": 0.551486739481972,
    "feasible": true,
    "R_z_min": [
      50.962802815093276,
      47.611823999854266,
      57.19892061979499,
      62.75992679116395,
      131.6281669526298,
      36.48121481084122,
      383.4488258751262,
      302.0909880372734,
      234.01223700185025,
      265.4875671249061
    ],
    "lambda_z": [
      0.0,
      0.0,
      0.0,
      0.0,
      7.039999999999999,
      0.0,
      0.0,
      0.9399999999999977,
      0.0,
      1.2499999999999973
    ]
  },
  "StaticL": {
    "cost": 95682.61063872912,
    "energy_cost": 90710.15698680446,
    "reserve_cost": 4972.453651924665,
    "coverage": 0.9503424657534246,
    "test_coverage": 0.9694634703196348,
    "test_ci": [
      0.9632322507812614,
      0.9746664274258734
    ],
    "reserve_total": 977.3435318061211,
    "rho": 330.7187914390836,
    "frob_error": 2.4411537345741663,
    "feasible": true,
    "R_z_min": [
      52.63800789033917,
      49.17687860439906,
      55.54582886707657,
      60.94611778470903,
      86.29662401273332,
      23.9174163930422,
      203.59740395081104,
      160.39934606907374,
      133.4389871452143,
      151.38692108872266
    ],
    "lambda_z": [
      0.0,
      0.0,
      0.0,
      0.0,
      7.379999999999999,
      0.0,
      0.0,
      0.0,
      0.0,
      0.0
    ]
  },
  "NN_L": {
    "cost": 97178.3660490889,
    "energy_cost": 90891.38598113466,
    "reserve_cost": 6286.980067959119,
    "coverage": 0.9503424657534246,
    "test_coverage": 0.9811643835616438,
    "test_ci": [
      0.9761078805426533,
      0.9851669957231395
    ],
    "reserve_total": 1186.6303093821587,
    "rho": 398.51138767192793,
    "frob_error": 2.6506361777759184,
    "feasible": true,
    "R_z_min": [
      62.803446577138665,
      58.67390488439355,
      68.09273435435448,
      74.71286130547342,
      106.39449709482642,
      29.487613427029483,
      248.90733543353056,
      196.09569208939115,
      159.97271326284394,
      181.48951095317713
    ],
    "lambda_z": [
      0.0,
      0.0,
      0.0,
      0.0,
      7.035445205479975,
      0.0,
      0.0,
      0.0,
      0.0,
      0.0
    ]
  }
}