{
  "Box": {
    "cost": 99944.14838310245,
    "energy_cost": 90829.23749817032,
    "reserve_cost": 9114.91088493215,
    "coverage": 0.9503424657534246,
    "test_coverage": 0.9860159817351598,
    "test_ci": [
      0.9815615187138893,
      0.989405927478664
    ],
    "reserve_total": 1563.4356773694394,
    "rho": 5.4042753279832585,
    "frob_error": 1.4400251532809882,
    "feasible": true,
    "R_z_min": [
      51.80536432957189,
      48.398984209271276,
      59.65142286577572,
      65.45086675550392,
      140.17744538131979,
      38.85067774613357,
      375.31111069398156,
      295.67988372934553,
      228.67615507838272,
      259.4337665801535
    ]
  },
  "SampleCov": {
    "cost": 100012.31838791138,
    "energy_cost": 90834.41207582213,
    "reserve_cost": 9177.906312089246,
    "coverage": 0.9503424657534246,
    "test_coverage": 0.9797374429223744,
    "test_ci": [
      0.9745198477944751,
      0.9839042726105057
    ],
    "reserve_total": 1571.6824740285335,
    "rho": 5.3162538536790676,
    "frob_error": 0.551486739481972,
    "feasible": true,
    "R_z_min": [
      50.962802815093276,
      47.611823999854266,
      57.19892061979499,
      62.75992679116395,
      131.6281669526298,
      36.48121481084122,
      383.4488258751262,
      302.0909880372734,
      234.01223700185025,
      265.4875671249061
    ]
  },
  "StaticL": {
    "cost": 95471.33045499973,
    "energy_cost": 90666.20401261738,
    "reserve_cost": 4805.126442382358,
    "coverage": 0.9503424657534246,
    "test_coverage": 0.9668949771689498,
    "test_ci": [
      0.9604409259066811,
      0.9723263917509921
    ],
    "reserve_total": 955.958188181199,
    "rho": 355.36088754325203,
    "frob_error": 2.556723657723077,
    "feasible": true,
    "R_z_min": [
      42.78514399135809,
      39.971874249460576,
      55.576792159676835,
      60.98009139742319,
      99.01489217481671,
      27.442329666428602,
      201.34176531847882,
      158.6222951117755,
      126.59762658387534,
      143.62537752790539
    ]
  },
  "NN_L": {
    "cost": 96886.16402736504,
    "energy_cost": 90638.21918388124,
    "reserve_cost": 6247.944843483795,
    "coverage": 0.9503424657534246,
    "test_coverage": 0.9828767123287672,
    "test_ci": [
      0.9780222641676085,
      0.9866735191311585
    ],
    "reserve_total": 1166.5294258519275,
    "rho": 437.59011645663514,
    "frob_error": 2.746959764496127,
    "feasible": true,
    "R_z_min": [
      53.24644516689105,
      49.745309046332956,
      68.03442930012427,
      74.6488877043059,
      120.77868895135984,
      33.474243379778294,
      245.46928874653983,
      193.38710922118818,
      153.5462990722069,
      174.19872526320034
    ]
  }
}