{
  "tau_values": [
    0.9,
    0.92,
    0.95,
    0.97,
    0.99
  ],
  "Box": {
    "costs": [
      99118.92354857925,
      99480.74960026977,
      99944.14838310245,
      100530.28362767176,
      101522.93317867359
    ],
    "test_coverages": [
      0.964041095890411,
      0.9754566210045662,
      0.9860159817351598,
      0.992865296803653,
      0.9982876712328768
    ],
    "reserves": [
      1454.619266840751,
      1502.3306426180948,
      1563.4356773694394,
      1640.3207663046546,
      1770.2422595585897
    ],
    "rhos": [
      5.028133315099586,
      5.193055617123213,
      5.4042753279832585,
      5.670041419442484,
      6.1191366593236385
    ]
  },
  "SampleCov": {
    "costs": [
      99185.78634946281,
      99490.9609400659,
      100012.31838791138,
      100489.34085896878,
      101500.89819178706
    ],
    "test_coverages": [
      0.9489155251141552,
      0.9643264840182648,
      0.9797374429223744,
      0.9874429223744292,
      0.9948630136986302
    ],
    "reserves": [
      1462.8220932313516,
      1503.0463714704192,
      1571.6824740285335,
      1634.0833108422744,
      1766.4083644461712
    ],
    "rhos": [
      4.94803099156202,
      5.084090582308605,
      5.3162538536790676,
      5.527326188368617,
      5.974918871868397
    ]
  },
  "StaticL": {
    "costs": [
      94950.52919935343,
      95134.03536192782,
      95471.33045499973,
      95980.60371668877,
      96808.73175780328
    ],
    "test_coverages": [
      0.9309360730593608,
      0.9474885844748858,
      0.9668949771689498,
      0.9817351598173516,
      0.9885844748858448
    ],
    "reserves": [
      860.6611246854055,
      894.7141668704206,
      955.958188181199,
      1034.1130744556408,
      1157.8606783024438
    ],
    "rhos": [
      319.9358559018976,
      332.5944841180943,
      355.36088754325203,
      384.41361191519206,
      430.41463881995384
    ]
  },
  "NN_L": {
    "costs": [
      95718.54120651967,
      96036.39215193826,
      96886.16402736504,
      97711.20150188063,
      99856.65411830758
    ],
    "test_coverages": [
      0.9660388127853882,
      0.973458904109589,
      0.9828767123287672,
      0.9882990867579908,
      0.9960045662100456
    ],
    "reserves": [
      989.7934141916991,
      1038.8432951482346,
      1166.5294258519275,
      1282.6003324537508,
      1579.545640667376
    ],
    "rhos": [
      371.2926616213131,
      389.6923201676725,
      437.59011645663514,
      481.1307939667752,
      592.5213248207825
    ]
  }
}