Method,Mean_Objective,Mean_Time,Mean_Iterations,Success_Rate
nominal,348589.1029894466,0.014662254003830899,1.0,100.0
scenario,347453.9354756215,0.40222673651612834,20.0,100.0
budgeted,347220.5358065341,0.4003306671425148,20.0,66.66666666666666
drpg,346914.01749268005,2.0951797841470454,15.949367088607595,97.53086419753086
