{
  "methods": {
    "box": {
      "cost": 99944.14838310245,
      "energy_cost": 90829.23749817032,
      "reserve_cost": 9114.91088493215,
      "coverage": 0.9860159817351598,
      "rho": 5.4042753279832585,
      "reserve_total": 1563.4356773694394,
      "reserves_per_zone": [
        51.80536432957189,
        48.398984209271276,
        59.65142286577572,
        65.45086675550392,
        140.17744538131979,
        38.85067774613357,
        375.31111069398156,
        295.67988372934553,
        228.67615507838272,
        259.4337665801535
      ],
      "coupled_cost": 100473.31919708669,
      "coupled_energy_cost": 91244.14754974094,
      "coupled_reserve_cost": 9229.17164734579,
      "coupled_coverage": 0.9860159817351598,
      "coupled_rho": 5.4042753279832585,
      "coupled_reserve_total": 1563.4356773694394,
      "coupled_reserves_per_zone": [
        51.80536432957189,
        48.398984209271276,
        59.65142286577572,
        65.45086675550392,
        140.17744538131979,
        38.85067774613357,
        375.31111069398156,
        295.67988372934553,
        228.67615507838272,
        259.4337665801535
      ],
      "lambda_z": [
        0.0,
        0.0,
        0.0,
        0.0,
        7.039999999999999,
        0.0,
        0.0,
        0.9399999999999977,
        0.0,
        1.2499999999999973
      ]
    },
    "samplecov": {
      "cost": 100012.31838791138,
      "energy_cost": 90834.41207582213,
      "reserve_cost": 9177.906312089246,
      "coverage": 0.9797374429223744,
      "rho": 5.3162538536790676,
      "reserve_total": 1571.6824740285335,
      "reserves_per_zone": [
        50.962802815093276,
        47.611823999854266,
        57.19892061979499,
        62.75992679116395,
        131.6281669526298,
        36.48121481084122,
        383.4488258751262,
        302.0909880372734,
        234.01223700185025,
        265.4875671249061
      ],
      "coupled_cost": 100496.19200536926,
      "coupled_energy_cost": 91181.97824499861,
      "coupled_reserve_cost": 9314.213760370643,
      "coupled_coverage": 0.9797374429223744,
      "coupled_rho": 5.3162538536790676,
      "coupled_reserve_total": 1571.6824740285335,
      "coupled_reserves_per_zone": [
        50.962802815093276,
        47.611823999854266,
        57.19892061979499,
        62.75992679116395,
        131.6281669526298,
        36.48121481084122,
        383.4488258751262,
        302.0909880372734,
        234.01223700185025,
        265.4875671249061
      ],
      "lambda_z": [
        0.0,
        0.0,
        0.0,
        0.0,
        7.039999999999999,
        0.0,
        0.0,
        0.9399999999999977,
        0.0,
        1.2499999999999973
      ]
    },
    "staticl": {
      "cost": 95471.33045499973,
      "energy_cost": 90666.20401261738,
      "reserve_cost": 4805.126442382358,
      "coverage": 0.9668949771689498,
      "rho": 355.36088754325203,
      "reserve_total": 955.958188181199,
      "reserves_per_zone": [
        42.78514399135809,
        39.971874249460576,
        55.576792159676835,
        60.98009139742319,
        99.01489217481671,
        27.442329666428602,
        201.34176531847882,
        158.6222951117755,
        126.59762658387534,
        143.62537752790539
      ],
      "coupled_cost": 95682.61063872912,
      "coupled_energy_cost": 90710.15698680446,
      "coupled_reserve_cost": 4972.453651924665,
      "coupled_coverage": 0.9694634703196348,
      "coupled_rho": 330.7187914390836,
      "coupled_reserve_total": 977.3435318061211,
      "coupled_reserves_per_zone": [
        52.63800789033917,
        49.17687860439906,
        55.54582886707657,
        60.94611778470903,
        86.29662401273332,
        23.9174163930422,
        203.59740395081104,
        160.39934606907374,
        133.4389871452143,
        151.38692108872266
      ],
      "lambda_z": [
        0.0,
        0.0,
        0.0,
        0.0,
        7.379999999999999,
        0.0,
        0.0,
        0.0,
        0.0,
        0.0
      ]
    },
    "contextual": {
      "cost": 96886.16402736504,
      "energy_cost": 90638.21918388124,
      "reserve_cost": 6247.944843483795,
      "coverage": 0.9828767123287672,
      "rho": 437.59011645663514,
      "reserve_total": 1166.5294258519275,
      "reserves_per_zone": [
        53.24644516689105,
        49.745309046332956,
        68.03442930012427,
        74.6488877043059,
        120.77868895135984,
        33.474243379778294,
        245.46928874653983,
        193.38710922118818,
        153.5462990722069,
        174.19872526320034
      ],
      "coupled_cost": 97178.3660490889,
      "coupled_energy_cost": 90891.38598113466,
      "coupled_reserve_cost": 6286.980067959119,
      "coupled_coverage": 0.9811643835616438,
      "coupled_rho": 398.51138767192793,
      "coupled_reserve_total": 1186.6303093821587,
      "coupled_reserves_per_zone": [
        62.803446577138665,
        58.67390488439355,
        68.09273435435448,
        74.71286130547342,
        106.39449709482642,
        29.487613427029483,
        248.90733543353056,
        196.09569208939115,
        159.97271326284394,
        181.48951095317713
      ],
      "lambda_z": [
        0.0,
        0.0,
        0.0,
        0.0,
        7.035445205479975,
        0.0,
        0.0,
        0.0,
        0.0,
        0.0
      ]
    }
  },
  "tau_target": 0.95
}