{
  "problem_config": {
    "n_agents": 5,
    "n_resources": 2,
    "n_factors_p": 3,
    "n_factors_c": 2,
    "rho_p": 0.15,
    "rho_c": 0.1
  },
  "nominal": {
    "objective": 2224.9730100365714,
    "lmps": [
      6.8419279148783305,
      7.53512131642976
    ],
    "u_p": [
      0.0,
      0.0,
      0.0
    ],
    "u_c": [
      0.0,
      0.0
    ]
  },
  "drpg": {
    "converged": true,
    "worst_case_value": -2196.0415963782793,
    "outer_iterations": 5,
    "total_inner_iterations": 5,
    "final_u_p": [
      -0.06539851500409084,
      -0.05518295368218382,
      0.12319852214279868
    ],
    "final_u_c": [
      0.03919840264410331,
      -0.09199720229523697
    ],
    "final_lmps": [
      6.398128787134337,
      7.5848663658799715
    ]
  },
  "trajectory": {
    "V_values": [
      -2220.151516243159,
      -2196.217271807469,
      -2196.0429229043657,
      -2196.041600873152,
      -2196.0415963782793
    ],
    "gradient_norms_p": [
      185.6752134155561,
      183.3089427941146,
      184.01354562841607,
      184.03180611252338,
      184.03456803803502
    ],
    "gradient_norms_c": [
      7.531867266439456,
      13.7493075540849,
      14.801208400258064,
      14.872728606246561,
      14.875759037327725
    ],
    "u_p_trajectory": [
      [
        -0.0741618168153785,
        0.010757493087568277,
        -0.0030497982085972344
      ],
      [
        -0.06356023173304531,
        -0.059106193747020315,
        0.12233787149849092
      ],
      [
        -0.06598118289139837,
        -0.054697091917608784,
        0.1231044744922316
      ],
      [
        -0.06538420202557899,
        -0.0552185635157397,
        0.12319016344147163
      ],
      [
        -0.06539851500409084,
        -0.05518295368218382,
        0.12319852214279868
      ]
    ],
    "u_c_trajectory": [
      [
        -0.048251054672097234,
        -0.013108612551688463
      ],
      [
        -0.009490678628730492,
        -0.09954861635987795
      ],
      [
        0.03570630551543106,
        -0.09340802827615355
      ],
      [
        0.03899103419443348,
        -0.09208528249643654
      ],
      [
        0.03919840264410331,
        -0.09199720229523697
      ]
    ],
    "lambda_trajectory": [
      [
        6.897577640313638,
        7.457097801039315
      ],
      [
        6.449711345339436,
        7.549914638309491
      ],
      [
        6.401620081019,
        7.582670263441124
      ],
      [
        6.398269624816554,
        7.584776105772316
      ],
      [
        6.398128787134337,
        7.5848663658799715
      ]
    ],
    "price_spread": [
      0.5595201607256772,
      1.100203292970055,
      1.1810501824221245,
      1.186506480955762,
      1.1867375787456345
    ],
    "price_mean": [
      7.177337720676476,
      6.999812991824463,
      6.992145172230062,
      6.991522865294435,
      6.991497576507154
    ],
    "envelope_gradient_norms": [
      10.157996107422962,
      9.929752639615963,
      9.92358947084068,
      9.923037980706555,
      9.923016162690372
    ]
  }
}